index,x,y,z
12316,-7.66134,-81.3516,1.42628,
12326,-7.85817,-80.2881,1.40813,
11667,11.871,-84.8964,4.49252,
15580,-40.9844,-35.004,2.82468,
15000,-33.3028,-37.0905,2.6124,
13958,-19.495,-35.5789,0.708149,
14193,-20.4283,-33.0504,0.678201,
14224,-20.6649,-32.9171,0.67841,
13761,-17.0372,-35.009,2.04047,
15060,-25.9072,-28.0753,0.666822,
14346,-20.698,-31.0236,0.650975,
14837,-20.9443,-25.1292,-0.571008,
14209,-18.2068,-29.2278,0.601061,
14995,-19.7475,-22.0787,-0.517045,
14840,-17.9681,-21.4896,0.488947,
14812,-17.0055,-20.6073,2.33752,
14874,-16.9942,-20.0248,1.37644,
15160,-16.877,-17.501,3.85079,
15236,-16.9791,-17.0206,2.95192,
12381,-7.6444,-66.1697,1.16268,
12035,0.47856,-72.1554,3.78159,
12020,0.959975,-71.4275,3.7437,
12711,-11.9308,-58.3292,1.03922,
12240,-3.91661,-57.3036,-1.00257,
11948,3.17254,-70.9578,6.2142,
11647,7.46288,-50.9074,4.50142,
11464,9.6595,-49.9732,2.66746,
11373,10.3702,-47.5224,5.97233,
12973,-11.5289,-42.4627,3.84949,
12988,-11.5998,-42.1417,3.82405,
12883,-10.9637,-44.0056,3.96768,
12583,-7.04314,-40.7754,2.16859,
12906,-9.06803,-35.6533,-0.642144,
12814,-9.00414,-39.0012,3.50192,
12804,-8.16504,-35.8516,5.82374,
12673,-7.03166,-36.1074,4.51672,
12969,-9.02875,-33.3233,0.602632,
13062,-9.73493,-32.9279,-0.599351,
13155,-10.0085,-31.1728,4.01998,
13199,-10.4823,-31.5109,4.0775,
12394,-5.01108,-41.9619,2.21475,
12321,-3.92735,-41.3161,5.09584,
12396,-4.83226,-40.4046,3.56014,
12000,0.896659,-40.1299,-0.700644,
12675,-6.08324,-31.2083,5.03594,
12734,-6.54268,-31.2363,5.05471,
12632,-5.74221,-31.1643,6.1597,
12491,-4.97372,-33.6008,4.17061,
13690,-13.9726,-30.019,2.89688,
13047,-8.9891,-30.8002,-0.560048,
13235,-9.57147,-28.0678,5.76434,
12918,-7.90945,-30.694,6.16122,
12901,-7.39048,-29.1427,4.76187,
12903,-7.44098,-29.3204,5.87997,
12933,-7.60243,-29.0821,5.84295,
13408,-10.1235,-26.0594,5.43424,
13513,-9.99923,-24.0216,4.12111,
11862,2.92796,-37.454,-0.655757,
11872,2.79065,-37.3763,-0.654221,
11881,2.63987,-37.1005,-0.64923,
11891,2.50846,-37.0816,-0.648741,
11901,2.38234,-37.142,-0.649648,
11909,2.27991,-37.5992,-0.657502,
11834,3.02348,-34.0789,-0.597186,
11468,7.51837,-39.0057,4.87745,
10716,16.5097,-41.1938,-2.32581,
11395,9.0666,-42.8757,2.29671,
11359,9.31586,-41.9173,3.75676,
11371,9.17459,-41.9729,3.75885,
11232,9.49273,-37.2687,6.09125,
11776,3.30899,-31.0142,6.06277,
11778,2.68072,-25.209,5.85278,
11696,3.15161,-23.9712,4.69963,
11768,2.40688,-21.9417,5.91453,
11650,3.14477,-21.5303,3.44625,
11756,1.93101,-17.0808,4.60594,
11854,1.35941,-16.6416,4.47395,
11639,2.25444,-15.1029,2.96822,
11570,3.09041,-18.4478,2.96256,
11441,3.4852,-17.4576,2.81957,
11576,3.11199,-18.6766,5.07337,
11429,3.37785,-16.6027,2.68348,
11194,4.08148,-15.3717,3.09149,
11206,4.02133,-15.3612,3.08653,
11219,4.01674,-15.5652,3.12469,
11157,5.01149,-18.1446,5.04387,
10693,6.57708,-16.0926,4.01358,
12238,-5.00955,-73.8627,14.3904,
12400,-7.38524,-61.4782,9.80719,
12202,-3.12874,-55.0988,6.77618,
12093,-0.814571,-54.9036,6.74206,
12873,-11.0683,-44.9605,7.33365,
13606,-14.0138,-31.7286,8.00781,
13146,-9.99737,-31.4205,7.61234,
13681,-13.9956,-30.2753,6.48331,
13699,-13.9765,-29.9046,8.84488,
12822,-7.15682,-30.8277,7.30641,
18607,-35.0579,-0.00611876,1.83731,
18695,-31.3987,0.641261,0.54818,
19580,-36.0378,8.54555,1.94104,
20316,-31.1373,14.046,0.596244,
17785,-27.4224,-5.32044,0.487585,
17813,-27.3468,-5.10794,0.485596,
17854,-27.7494,-4.88297,0.491809,
17742,-23.1808,-4.74989,0.413029,
17772,-23.2153,-4.58834,0.413064,
17799,-23.2527,-4.42727,0.413168,
17827,-23.2929,-4.26663,0.413343,
17841,-23.2879,-4.18177,0.412994,
17867,-23.3205,-4.01976,0.413064,
17881,-23.3462,-3.94033,0.413273,
17895,-23.3578,-3.85849,0.413238,
17908,-23.4422,-3.78842,0.414495,
17919,-23.021,-3.675,-0.40692,
17922,-23.4593,-3.70719,0.414564,
17932,-23.0257,-3.59338,-0.406781,
17935,-23.4839,-3.62711,0.414774,
17993,-23.5679,-3.30387,0.415402,
18009,-23.6005,-3.22868,0.415786,
18025,-23.5938,-3.1439,0.415472,
18149,-24.6887,-2.59053,0.433308,
18222,-24.7676,-2.16688,0.433972,
18237,-24.775,-2.08042,0.433972,
18253,-24.7961,-1.99505,0.434216,
18268,-24.8029,-1.90848,0.434216,
18284,-24.8333,-1.82365,0.434635,
18041,-23.6081,-3.06616,0.415542,
18057,-23.6623,-2.98924,0.41631,
18072,-23.7187,-2.90809,0.417112,
18088,-23.7367,-2.82623,0.417252,
18103,-23.7484,-2.74358,0.417287,
18118,-23.7002,-2.65422,0.416275,
18134,-23.6238,-2.5622,0.414774,
18175,-23.5681,-2.3441,-0.413413,
18190,-23.5861,-2.26277,-0.413587,
18205,-23.6074,-2.18584,-0.413831,
18250,-23.6709,-1.94194,-0.414564,
18327,-23.7351,-1.53072,-0.415158,
18406,-23.9635,-1.09237,0.418718,
18378,-23.8649,-1.24235,1.2524,
18393,-23.8808,-1.16379,1.25303,
18479,-24.3875,-0.723805,-0.425874,
18511,-24.3739,-0.557378,-0.425559,
18527,-24.3757,-0.472294,-0.425559,
15849,-17.2796,-12.9315,5.78305,
15844,-16.2861,-12.2057,3.22349,
16419,-17.9917,-10.0924,2.53293,
17091,-18.9823,-7.03685,1.77118,
17460,-18.9694,-5.19655,2.41496,
17476,-18.9893,-5.13083,2.41521,
17632,-18.9796,-4.39922,5.22038,
18020,-18.4783,-2.49836,-0.977217,
18188,-18.6023,-1.7912,-0.979415,
18300,-17.9794,-1.25724,0.314597,
18330,-17.7302,-1.11549,0.310094,
18343,-17.926,-1.09326,-0.31348,
18705,-18.7138,0.411604,-0.980985,
18346,-17.8199,-1.05869,0.311595,
18361,-17.8374,-0.997267,0.31184,
18376,-17.9187,-0.939078,0.313201,
18391,-17.8859,-0.874766,0.312573,
18203,-16.0408,-1.49088,-0.844284,
17988,-15.5047,-2.20388,-0.820732,
18004,-15.4272,-2.13795,-0.816232,
18036,-15.875,-2.08999,-0.839155,
17906,-15.0762,-2.46071,-0.266638,
17946,-15.5261,-2.36751,-0.274142,
17949,-15.5081,-2.33984,0.273758,
17963,-15.4885,-2.28161,0.27327,
17975,-15.5344,-2.25791,-0.274003,
17990,-15.7778,-2.23708,-0.278156,
18006,-15.831,-2.18829,-0.278959,
18022,-15.8184,-2.13311,-0.27861,
18052,-15.8641,-2.03505,-0.838213,
18068,-15.6095,-1.94703,-0.824396,
18083,-15.5709,-1.88428,-0.821989,
18099,-15.6428,-1.83761,-0.825443,
18114,-15.4289,-1.7579,-0.813824,
18129,-15.4389,-1.70447,-0.814033,
18144,-15.4328,-1.64929,-0.813405,
18173,-15.3883,-1.53596,-0.810475,
18218,-15.8648,-1.41869,-0.834759,
18233,-15.4478,-1.32706,-0.812568,
18248,-15.5021,-1.27723,-0.815185,
18264,-15.4388,-1.21777,-0.811626,
18279,-15.2836,-1.15186,-0.803252,
18295,-15.2716,-1.09736,-0.802415,
18038,-15.7583,-2.06903,-0.277423,
18054,-15.8147,-2.0231,-0.278296,
18085,-15.6918,-1.89336,-0.275888,
18101,-15.6526,-1.83322,-0.275085,
18131,-15.6829,-1.72587,-0.275399,
18146,-15.7087,-1.67323,-0.275748,
18160,-15.6906,-1.61593,-0.275329,
18266,-15.6574,-1.22952,-0.274142,
18281,-15.6476,-1.17381,-0.273898,
18297,-15.6337,-1.11789,-0.273584,
18312,-15.7512,-1.07105,-0.275573,
18357,-16.3821,-0.947455,-0.859984,
18539,-16.1896,-0.265632,-0.848575,
18555,-16.0546,-0.207364,-0.841457,
18570,-16.0633,-0.14579,-0.841876,
18541,-16.7153,-0.268421,-0.291804,
18587,-16.7552,-0.0877309,-0.292467,
18310,-15.3192,-1.04704,-0.804718,
18325,-15.5061,-1.00545,-0.814348,
18341,-15.5594,-0.954377,-0.816964,
18372,-15.8708,-0.862309,-0.832979,
18387,-15.7959,-0.80295,-0.828897,
18402,-15.4874,-0.733075,-0.812568,
18416,-15.5536,-0.684524,-0.815918,
18430,-15.5798,-0.631197,-0.817174,
18446,-15.3644,-0.568757,-0.805764,
18462,-15.3184,-0.513515,-0.803252,
18477,-15.2941,-0.459262,-0.801892,
18493,-15.2737,-0.40529,-0.80074,
18509,-15.2849,-0.35487,-0.801264,
18525,-15.286,-0.301514,-0.801264,
18585,-15.6003,-0.0871297,-0.817592,
18432,-15.659,-0.62893,-0.273549,
18448,-15.6151,-0.572581,-0.272746,
18464,-15.663,-0.519595,-0.273549,
18495,-15.9141,-0.416726,-0.277877,
19119,-24.3224,2.93041,-0.427619,
19803,-25.6258,7.79547,1.40376,
21060,-24.9772,16.8918,2.63803,
18992,-22.2441,2.00871,0.389852,
20185,-19.01,7.83922,-0.358926,
19884,-18.9873,6.20968,0.348699,
19912,-18.9757,6.35288,0.349292,
20610,-22.3947,11.9577,1.33048,
20612,-22.3591,11.9437,2.21777,
21573,-18.0517,15.7475,-1.25543,
21642,-18.1549,16.3984,-1.28213,
21656,-18.1891,16.545,-1.28862,
21670,-18.2122,16.6709,-1.29395,
21685,-18.2347,16.8088,-1.29971,
21587,-16.3741,14.38,-1.14208,
21601,-16.2475,14.3695,-1.13674,
21614,-16.1903,14.425,-1.13642,
21628,-15.9927,14.3494,-1.12606,
21616,-15.6423,13.9466,-0.365802,
21630,-15.7735,14.1627,-0.370026,
21644,-15.7947,14.2766,-0.371632,
21658,-15.7389,14.3263,-0.371492,
21672,-15.6894,14.3716,-0.371387,
21687,-15.7067,14.4887,-0.372993,
21362,-23.9978,18.9455,4.84259,
21499,-23.7751,20.0063,4.92143,
21702,-26.1362,24.2958,-0.622876,
21717,-26.1622,24.4907,-0.625529,
21732,-26.1697,24.6697,-0.627763,
21747,-26.1704,24.8435,-0.629857,
21790,-24.9397,24.126,5.49586,
21921,-26.0376,26.9345,0.653907,
21923,-26.0215,26.9366,1.96281,
21870,-24.9053,25.0798,3.09229,
21879,-22.7022,22.9973,0.564062,
22212,-15.9424,18.9054,-1.29605,
22283,-28.0146,34.5828,3.89377,
22506,-24.0691,34.6697,-0.736701,
22508,-24.1853,34.9541,0.741937,
22590,-25.4742,39.8789,-0.825988,
22583,-24.7863,38.5051,-0.79932,
22686,-27.8212,47.6294,0.962814,
22712,-24.0099,42.2994,-0.84899,
15028,-11.0024,-12.1297,4.38802,
15848,-12.1166,-9.07097,3.49439,
17726,-14.7327,-3.07246,0.262694,
16901,-11.9545,-5.0867,3.48112,
18018,-14.5883,-1.97761,-1.28799,
18034,-14.5991,-1.92719,-1.28834,
18050,-14.5936,-1.87724,-1.28729,
18066,-14.602,-1.82654,-1.28746,
18081,-14.6501,-1.77805,-1.29113,
18097,-14.6226,-1.72294,-1.28816,
18112,-14.6246,-1.67143,-1.28781,
18127,-14.6382,-1.62125,-1.28851,
18142,-14.6755,-1.57354,-1.2913,
18157,-14.6789,-1.5221,-1.29113,
18171,-14.698,-1.47224,-1.29235,
18186,-14.6971,-1.42035,-1.29182,
18201,-14.7057,-1.37198,-1.29217,
18216,-14.7223,-1.3217,-1.29322,
18231,-14.7348,-1.27099,-1.29391,
18246,-14.7372,-1.21938,-1.29374,
18262,-14.7413,-1.16793,-1.29374,
18277,-14.7572,-1.11737,-1.29479,
18293,-14.773,-1.06671,-1.29583,
18308,-14.7845,-1.01569,-1.29653,
18323,-14.79,-0.964202,-1.2967,
18339,-14.7933,-0.91257,-1.2967,
18355,-14.8063,-0.861505,-1.29757,
18370,-14.8172,-0.810251,-1.29827,
18385,-14.8299,-0.759034,-1.29914,
18400,-14.8324,-0.707263,-1.29914,
18414,-14.8387,-0.65825,-1.29949,
18428,-14.8608,-0.607263,-1.30124,
18444,-14.8648,-0.555459,-1.30141,
18460,-14.8686,-0.503636,-1.30158,
18475,-14.9042,-0.45276,-1.30455,
18491,-14.9037,-0.400678,-1.30437,
18507,-14.891,-0.350925,-1.30315,
18523,-14.906,-0.299224,-1.30437,
18537,-14.9229,-0.250059,-1.30577,
18553,-14.9257,-0.197993,-1.30594,
18568,-14.9343,-0.140757,-1.30664,
18583,-14.9526,-0.0887317,-1.30821,
18598,-14.9688,-0.0418008,-1.3096,
18614,-14.9867,0.0104627,-1.31117,
18064,-11.3041,-1.41602,-1.39882,
18079,-11.2954,-1.3729,-1.39711,
18095,-11.2982,-1.33323,-1.39687,
18110,-11.3106,-1.29468,-1.39784,
18125,-11.3112,-1.25476,-1.39735,
18141,-11.3155,-1.21527,-1.39735,
18155,-11.3098,-1.17474,-1.39614,
18169,-11.3019,-1.13406,-1.39467,
18184,-11.3019,-1.09422,-1.39419,
18199,-11.3272,-1.05877,-1.39687,
18214,-11.319,-1.01816,-1.3954,
18229,-11.3106,-0.977613,-1.39394,
18244,-11.306,-0.937469,-1.39297,
18260,-11.3151,-0.89847,-1.3937,
18275,-11.3222,-0.859268,-1.39419,
18291,-11.3231,-0.819597,-1.39394,
18306,-11.318,-0.779522,-1.39297,
18321,-11.3107,-0.739362,-1.39175,
18337,-11.3232,-0.700489,-1.39297,
18353,-11.3236,-0.660844,-1.39272,
18368,-11.3238,-0.621204,-1.39248,
18383,-11.3081,-0.580757,-1.39029,
18398,-11.312,-0.541376,-1.39053,
18412,-11.3078,-0.503596,-1.3898,
18426,-11.3174,-0.464447,-1.39077,
18442,-11.3209,-0.425013,-1.39102,
18458,-11.2966,-0.384615,-1.38785,
18474,-11.3018,-0.345302,-1.38834,
18489,-11.3149,-0.306171,-1.3898,
18505,-11.3118,-0.268554,-1.38931,
18521,-11.3107,-0.229026,-1.38907,
18536,-11.3035,-0.191383,-1.38809,
18551,-11.3001,-0.151872,-1.3876,
18566,-11.3026,-0.1085,-1.38785,
16828,-6.99315,-3.10332,-1.48717,
16844,-6.99675,-3.07573,-1.48564,
17701,-8.84876,-1.90347,-1.43357,
17716,-8.86115,-1.8738,-1.4345,
17731,-8.86183,-1.84165,-1.43357,
17927,-8.92951,-1.40471,-1.43169,
17940,-8.95584,-1.37683,-1.43513,
17954,-8.93519,-1.34175,-1.43106,
17968,-8.932,-1.30941,-1.42981,
17982,-8.95021,-1.28018,-1.432,
17998,-8.95658,-1.2492,-1.43231,
18014,-8.97242,-1.22109,-1.43419,
18030,-8.96683,-1.18847,-1.43263,
18046,-8.96681,-1.15822,-1.432,
18062,-8.96688,-1.12642,-1.43138,
18077,-8.97879,-1.0945,-1.43263,
18108,-8.98817,-1.03202,-1.43294,
18123,-8.98779,-1.0002,-1.43231,
12290,-1.11308,-13.118,-1.61647,
12320,-0.9695,-10.2182,-1.62567,
14137,-4.92761,-8.21391,-1.5171,
15906,-6.3324,-4.60752,-0.410419,
15922,-6.32092,-4.5655,-0.408639,
15937,-6.30918,-4.52026,-0.406755,
15952,-6.31353,-4.49011,-0.406022,
15968,-6.29335,-4.44605,-0.403824,
15984,-6.26958,-4.39653,-0.401312,
15999,-6.27342,-4.36664,-0.400579,
16015,-6.27219,-4.33336,-0.399533,
16031,-6.27245,-4.30127,-0.398591,
16047,-6.27422,-4.27036,-0.397753,
16062,-6.2707,-4.23283,-0.396497,
16078,-6.27383,-4.20313,-0.395764,
16091,-6.27536,-4.17566,-0.395032,
16107,-6.28656,-4.15153,-0.394822,
16122,-6.28765,-4.1208,-0.393985,
16136,-6.28191,-4.08576,-0.392729,
21339,-12.1923,9.50515,-0.269849,
21410,-12.1585,9.82119,-0.272816,
21426,-12.0962,9.84086,-0.272188,
21442,-12.0077,9.83866,-0.270966,
21280,-11.8579,8.97129,-1.30089,
21294,-11.817,9.00211,-1.29967,
21296,-11.9571,9.11543,-0.78797,
21308,-11.8297,9.07727,-1.30455,
21310,-11.8365,9.089,-0.782109,
21322,-11.8642,9.16968,-1.31187,
21324,-11.7841,9.11437,-0.780748,
21335,-11.8683,9.23919,-1.31588,
21337,-11.7491,9.153,-0.780538,
21351,-11.7312,9.20505,-0.78148,
21365,-11.7225,9.26452,-0.783051,
21379,-11.687,9.30289,-0.782841,
21393,-11.7604,9.42859,-0.789959,
21408,-11.7679,9.49889,-0.792576,
21424,-11.558,9.39629,-0.780643,
21440,-11.5715,9.47453,-0.783783,
21456,-11.6277,9.58857,-0.789854,
21472,-11.5957,9.63037,-0.789959,
21487,-11.5911,9.69514,-0.791948,
21502,-11.5924,9.76513,-0.794355,
21367,-11.9516,9.45234,-0.265975,
21458,-11.9501,9.86143,-0.270442,
21489,-11.5053,9.63015,-0.261891,
21504,-11.756,9.90998,-0.268383,
23970,-1.04401,15.1581,4.07122,
23984,-0.990838,15.1578,4.07019,
24262,0.00477936,13.6918,3.16101,
9121,7.80243,-8.07684,-1.77866,
9135,7.79744,-8.12826,-1.78398,
9149,7.76766,-8.15399,-1.78367,
9163,7.7568,-8.19971,-1.78773,
9177,7.80928,-8.31313,-1.80651,
9192,7.895,-8.45747,-1.83247,
9208,7.91243,-8.53568,-1.84342,
9223,7.9361,-8.62138,-1.85594,
9238,7.94195,-8.6884,-1.86439,
9254,7.95007,-8.75849,-1.87346,
9269,7.975,-8.84781,-1.8866,
11172,4.07062,-14.9411,4.14939,
10828,2.95112,-8.26488,-0.459928,
10809,3.0054,-8.23045,1.70316,
9123,7.84487,-8.12644,-1.38687,
9137,7.80134,-8.13801,-1.38419,
9139,7.76105,-8.0988,-0.981374,
9151,7.76742,-8.15944,-1.38322,
9153,7.73685,-8.13018,-0.981897,
9165,7.80162,-8.25286,-1.39443,
9167,7.91095,-8.37145,-1.00769,
9179,7.91134,-8.42767,-1.41929,
9181,7.90077,-8.41935,-1.01014,
9194,7.94982,-8.52216,-1.43099,
9196,7.85526,-8.42373,-1.00769,
9211,7.84341,-8.47011,-1.00996,
9050,7.87042,-7.87317,-1.36689,
9036,8.39047,-8.33792,-1.03489,
9052,8.35287,-8.3587,-1.03384,
9065,8.29276,-8.35669,-1.03001,
9067,8.22713,-8.29635,-0.612331,
9078,8.19989,-8.3181,-1.43416,
9080,8.23278,-8.35437,-1.02617,
9082,8.14487,-8.27094,-0.608353,
9093,8.16248,-8.33816,-1.4327,
9095,8.19102,-8.37024,-1.0246,
9097,8.10617,-8.28932,-0.60762,
9109,8.11118,-8.34383,-1.4288,
9112,8.08971,-8.33046,-0.608562,
9125,8.06459,-8.35697,-1.01606,
8955,8.34118,-7.95153,-1.00822,
6695,8.02402,-2.07366,-2.22067,
8463,11.9993,-9.05195,-2.38062,
5681,16.9926,-0.24321,2.08665,
2612,7.53751,8.8785,-1.43001,
2626,7.55943,8.84157,-1.42831,
2628,7.62373,8.91363,-1.02617,
2638,7.5985,8.8185,-1.42928,
2640,7.67481,8.90391,-1.02844,
2652,7.62794,8.79042,-1.42904,
2654,7.70323,8.87406,-1.02809,
2663,7.66988,8.78286,-1.43172,
2665,7.75204,8.87382,-1.03088,
2677,7.80798,8.87513,-1.03419,
2686,7.70377,8.69223,-1.42612,
2688,7.87636,8.88384,-1.03872,
2696,7.73407,8.66529,-1.42612,
2697,7.97102,8.92764,-1.04709,
2707,7.74533,8.62323,-1.42319,
2719,7.88991,8.72275,-1.44415,
2731,7.88137,8.65544,-1.43733,
2513,7.47956,9.32267,-1.46755,
2525,7.48336,9.26099,-1.46194,
2536,7.50186,9.21788,-1.45926,
2548,7.51511,9.16861,-1.45561,
2561,7.53317,9.12548,-1.45293,
2573,7.55483,9.08692,-1.45098,
2586,7.56611,9.03614,-1.44708,
2599,7.53618,8.93683,-1.43538,
2614,7.60546,8.95537,-1.02791,
2991,9.02689,8.05398,-2.35153,
3000,9.07699,8.04195,-2.35725,
3012,9.12866,8.03385,-2.36374,
3022,9.15369,7.99935,-2.36298,
3033,9.17711,7.96349,-2.36183,
3042,9.20485,7.93141,-2.36183,
4198,15.9973,5.90807,-2.701,
5194,16.0941,1.60073,4.33367,
2924,12.0112,11.3306,-2.61527,
2933,12.0766,11.313,-2.6209,
2940,12.1542,11.3022,-2.62872,
2949,12.2516,11.3134,-2.64124,
2958,12.3123,11.294,-2.64625,
2965,12.3809,11.2776,-2.6525,
2976,12.4602,11.2666,-2.66064,
2984,12.545,11.2639,-2.67034,
2992,12.6167,11.249,-2.67722,
3002,12.8023,11.3345,-2.70819,
3013,12.8755,11.3233,-2.7157,
3023,12.9268,11.2887,-2.71821,
3034,12.9661,11.2435,-2.71821,
3043,13.0053,11.1982,-2.71821,
3052,13.0773,11.1809,-2.72509,
3063,13.0606,11.0879,-2.71351,
3074,13.1229,11.0662,-2.71883,
3083,13.1797,11.0355,-2.72259,
3091,13.1573,10.939,-2.71007,
2777,15.0083,15.9153,-2.686,
2985,16.6177,14.9103,-2.74133,
2994,16.683,14.864,-2.74352,
3004,16.7527,14.8215,-2.74645,
3015,16.833,14.7934,-2.75157,
23145,-8.07342,25.9686,-1.42521,
23245,-6.93765,26.8646,-1.4541,
1368,16.0419,39.0947,-2.21465,
1262,15.8863,42.0196,-2.35428,
1250,16.0572,42.924,-2.4018,
956,11.0076,42.3192,-0.763264,
875,10.4329,45.9206,-0.821973,
812,9.78099,48.8603,4.35953,
929,11.9947,47.7881,2.58215,
1176,15.2908,44.2821,2.45518,
1169,14.592,42.6441,5.53409,
1145,14.8409,44.4321,4.09841,
1015,13.3871,46.9958,4.27516,
22422,-37.0303,50.466,1.09259,
22424,-36.9912,50.4497,3.27853,
22510,-35.3703,51.1383,3.25865,
22670,-37.8998,63.8814,3.89275,
22721,-45.2301,80.698,4.84819,
22761,-38.8507,72.7609,1.43975,
22776,-38.3208,72.9284,1.43801,
22845,-28.1417,57.9299,3.37525,
22949,-24.9595,58.7154,-1.11364,
22953,-26.9513,63.7717,3.62835,
22951,-29.7536,70.3339,1.33301,
23055,-35.8117,99.7438,1.84985,
23063,-35.4666,99.8776,1.85002,
948,12.9739,50.2386,2.71927,
1131,16.137,48.9656,0.899916,
1141,16.3204,48.947,0.900614,
1080,16.505,53.0892,2.91365,
860,14.2896,64.4032,3.45731,
21865,-24.9669,25.0542,9.47744,
22276,-30.4624,37.4039,9.37674,
22328,-30.7823,39.1594,9.68203,
23253,-10.2589,40.2474,6.57838,
1277,14.876,38.9157,9.61846,
1486,16.6894,37.6972,8.0136,
1422,16.2248,38.0753,6.55523,
1488,16.6493,37.5713,9.48754,
1378,16.2519,39.2937,6.73482,
1047,14.4741,48.7386,9.88276,
1076,14.9601,48.5382,9.87284,
22933,-25.6921,59.1726,7.92078,
23018,-24.6985,64.7128,8.50477,
880,12.295,53.5969,6.75181,
913,12.9572,53.0321,6.70306,
1004,13.9076,49.9461,11.9696,
962,14.4506,55.0044,6.98287,
973,15.4859,58.1186,7.38504,
9613,72.6481,-95.1229,-2.08923,
10315,27.5139,-52.8536,3.12278,
10253,25.9218,-47.7819,4.75591,
10273,41.7287,-77.7911,-1.54087,
9709,36.5347,-50.12,1.08261,
10290,24.3728,-46.0712,4.55999,
9749,22.2764,-31.1153,-2.00551,
10075,23.0131,-38.1794,2.33628,
9940,24.1396,-37.0725,3.87041,
9911,21.0676,-31.9023,4.69416,
9732,23.4496,-32.4779,6.34467,
9670,24.0634,-32.3659,4.95204,
9548,24.884,-31.5879,4.93741,
10232,25.1063,-45.5552,6.38668,
10051,27.0481,-44.2251,6.36524,
9993,25.9152,-41.0414,4.24658,
9830,28.0486,-40.8721,4.33687,
9846,30.573,-44.8856,4.75138,
9765,31.2738,-44.235,2.83912,
9436,27.9005,-33.4991,-2.28478,
9524,27.138,-34.0074,-2.28017,
9364,32.9131,-38.1571,-2.64087,
9668,28.2603,-37.9833,4.14199,
9203,32.1111,-34.592,0.823858,
9464,20.714,-25.2086,-2.85452,
9479,20.6082,-25.2592,-2.85208,
9494,20.6127,-25.4455,-2.86498,
9509,20.5613,-25.5639,-2.87021,
9522,20.3115,-25.4347,-2.84773,
9537,20.079,-25.3243,-2.82751,
9420,20.9148,-24.9253,-2.84668,
9434,20.8384,-25.0022,-2.84755,
9449,20.746,-25.0687,-2.84686,
9346,20.1781,-23.2122,-2.69085,
9362,20.2141,-23.4183,-2.70653,
9378,20.2463,-23.6218,-2.72187,
9393,21.0212,-24.6998,-2.83762,
9405,21.0197,-24.8735,-2.84912,
9585,23.5259,-30.4609,0.671813,
9542,24.4977,-31.0417,0.690243,
9783,21.1182,-30.0929,3.2164,
9446,23.1945,-28.0075,4.46505,
9253,21.9628,-24.1876,2.85836,
9168,21.9416,-23.227,6.21083,
8980,24.1077,-23.2724,2.93157,
8623,18.9739,-15.3867,-2.13723,
8637,18.9942,-15.5134,-2.1456,
9274,19.9876,-22.2063,5.80746,
9076,20.0626,-20.3305,2.49893,
9120,20.0258,-20.7229,2.52124,
8568,19.0691,-15.0978,0.424547,
9184,21.0696,-22.484,-0.537848,
9146,21.0685,-22.1009,1.60022,
9032,22.4495,-22.2778,2.76702,
8792,21.6622,-19.1045,3.5464,
8837,22.0286,-19.8555,4.6971,
8760,24.3144,-21.1362,2.81862,
8897,23.4808,-21.7739,6.22457,
8312,24.3496,-17.1195,-0.519558,
8634,22.0888,-18.0281,3.50082,
8494,24.188,-18.4998,2.66418,
8579,31.0223,-24.6409,-2.07627,
9045,26.1012,-26.0739,1.9335,
8962,31.9818,-30.6266,0.772932,
7888,28.7615,-16.3853,4.06434,
8022,30.0765,-18.366,0.615128,
9643,33.0761,-43.8935,-2.88036,
9407,33.607,-39.7967,-2.72984,
9369,34.1192,-39.7093,0.913843,
9280,35.1035,-39.1647,0.918031,
9388,33.4671,-39.2682,4.51397,
9275,33.4191,-37.1417,-2.61847,
8944,48.6241,-46.0942,-1.16949,
7939,39.4991,-23.0907,-2.39782,
8847,33.2123,-30.0939,2.34884,
7545,40.6865,-19.2585,-2.3591,
8264,42.3074,-29.0879,-0.896181,
8097,42.0205,-26.5745,-0.867838,
7806,44.1162,-24.1129,4.39858,
7163,48.9833,-18.2946,2.74031,
9411,55.5873,-66.0823,1.50729,
10039,30.7168,-49.8319,7.18761,
10292,24.7546,-46.8323,6.50417,
10138,19.3479,-33.2164,7.47208,
9750,20.1614,-28.1716,7.99791,
9773,21.7589,-30.8452,7.33737,
9644,22.0209,-29.2333,8.44961,
9525,22.7458,-28.5136,8.42082,
9466,22.6125,-27.5485,8.22826,
8682,23.9999,-20.0528,8.38004,
8668,24.1926,-20.078,8.42404,
8912,31.6295,-29.5363,8.41201,
7389,49.0255,-21.134,10.3773,
8546,18.9943,-14.872,-2.11056,
7969,18.9429,-11.2385,-1.92701,
8580,18.0311,-14.3272,5.31694,
8466,19.0393,-14.3784,3.77883,
8152,20.0675,-13.0718,3.79322,
8261,19.0901,-13.1105,4.50157,
7657,19.9947,-10.0738,5.16893,
7623,20.6997,-10.2394,4.48897,
7673,20.7099,-10.5249,5.36328,
8058,21.0263,-13.0674,3.03967,
7814,21.5331,-11.8037,5.66922,
7830,21.809,-12.0541,5.7529,
7924,23.9384,-13.8933,6.38996,
7442,22.9906,-10.2601,0.439452,
7381,23.5494,-10.1225,1.34336,
7478,24.24,-11.0366,2.3302,
7240,23.012,-9.04613,0.431598,
7269,21.3551,-8.5328,6.16196,
7329,23.269,-9.66212,5.81678,
5514,17.1345,0.406788,-2.10444,
6302,18.9978,-3.08719,5.15723,
6536,20.9809,-4.59759,2.63725,
6239,20.8689,-3.07049,2.58997,
6528,19.9411,-4.32236,5.46729,
6072,20.304,-2.14478,4.71362,
6577,24.322,-5.57942,1.30777,
6786,21.6706,-6.04647,6.02841,
6568,22.074,-5.00294,3.58485,
6734,23.054,-6.15143,3.77914,
6123,24.1937,-2.86351,1.27679,
5940,24.4335,-1.86289,1.28422,
7690,29.0018,-14.8729,-0.568914,
7522,28.796,-13.4645,1.66596,
7483,26.6748,-12.1733,5.69946,
7607,26.0271,-12.7618,5.63459,
6802,26.649,-7.58615,0.483641,
6960,27.9933,-9.0362,1.54161,
6798,26.3273,-7.43995,6.31618,
7183,27.9062,-10.5504,3.66315,
7277,27.2334,-10.9533,3.60416,
7119,27.5129,-9.9541,2.55976,
7137,28.2351,-10.3382,3.69191,
6280,25.9459,-4.08622,2.29795,
6589,27.9391,-6.50164,0.50071,
6630,25.4131,-6.14808,6.03634,
6595,27.1283,-6.33791,3.42063,
6702,27.1094,-7.03622,3.43891,
6019,25.9743,-2.437,2.28243,
4603,20.8107,4.91562,-2.62555,
5143,17.3915,1.93847,1.53098,
5216,18.5156,1.73068,2.28334,
5234,17.4502,1.56353,3.40556,
4637,21.0177,4.79825,-1.12983,
5379,21.9091,1.20957,3.47535,
4558,27.7482,6.85671,-2.50067,
5306,31.5808,2.28036,-2.77016,
5249,32.0243,2.76234,-2.81217,
4653,26.8765,6.03717,-1.44363,
3970,27.0014,12.7001,-1.5638,
3828,30.2221,15.9208,-1.7902,
3947,31.1885,14.9363,-1.81229,
3633,27.1886,16.6221,0.556243,
6404,35.0438,-6.5456,-3.11896,
5810,35.8746,-1.52241,-3.14144,
5754,35.3359,-1.08578,0.617082,
5841,46.074,-2.28564,-2.41761,
5468,33.0268,1.1187,-2.89113,
4591,36.9056,8.833,-1.98877,
4919,37.6231,6.0734,0.665216,
4575,36.9289,8.97498,-1.9917,
5103,47.3541,5.72209,-2.49977,
5181,47.8891,4.85595,0.840194,
4760,48.2008,9.60523,-2.57577,
4639,47.011,10.7151,-0.841625,
4261,47.0489,16.1084,4.35081,
3204,24.933,18.9801,-0.546958,
2319,22.0602,30.8589,4.6576,
3094,25.1964,20.9259,-2.86551,
3642,27.8597,16.9856,-2.8547,
3208,25.0295,18.9847,1.64638,
2855,28.7859,28.7056,3.55665,
2613,26.024,30.6539,6.36876,
2627,26.0923,30.5178,6.35937,
2534,26.0212,32.0077,3.60894,
2466,25.0345,32.1004,4.99835,
2706,28.7884,32.0626,5.29084,
2880,29.4556,28.7646,3.60197,
1681,17.8152,35.8729,2.09909,
1817,17.655,32.9402,3.26973,
1602,18.9502,39.891,2.31451,
1789,20.036,37.9695,5.27134,
2274,23.0581,33.1392,-0.704693,
2189,21.8996,32.999,4.86283,
2244,22.9293,33.5124,6.43133,
1333,18.4906,46.1364,2.60487,
1257,17.3096,45.8811,6.02108,
1271,17.9194,47.0001,6.17609,
2004,24.9908,41.9724,2.56007,
1569,22.06,47.3295,0.911469,
1478,21.5235,48.7772,2.79411,
2481,26.4233,33.5901,-2.23977,
2400,25.6697,34.1144,5.24209,
2277,26.4554,37.8665,2.42085,
2215,26.0436,38.684,4.07993,
2542,29.8833,36.5363,0.823893,
2675,30.0212,34.1484,5.58283,
2801,32.2752,33.5389,4.07227,
2714,32.2873,35.7581,2.5249,
2473,30.82,39.3061,0.871852,
2385,30.4838,40.8822,0.890143,
2328,29.2223,40.6073,4.37696,
2187,27.484,41.4452,4.35081,
2201,27.3518,40.9349,4.30724,
1844,25.728,47.2474,2.81944,
2292,29.7602,42.2817,2.70975,
3920,43.9744,21.4762,6.00889,
4112,46.5549,18.8567,6.16732,
4029,46.004,20.3574,2.63648,
4068,46.5515,19.6546,2.6482,
4070,46.555,19.6369,4.42054,
4013,45.9813,20.7034,6.19169,
3733,45.6257,25.7612,0.914576,
3744,45.7153,25.6018,0.914576,
3692,48.0979,28.0499,0.97189,
2919,40.8754,38.7351,-0.982954,
2952,44.367,40.8977,-3.16235,
2961,44.635,40.8718,-3.17177,
3070,47.2582,39.908,1.07968,
3100,46.4814,38.3845,5.27397,
3032,46.8508,40.655,3.2509,
3126,47.404,38.3596,3.19584,
5981,52.1912,-4.41932,-0.914262,
5816,51.0952,-2.28447,0.89276,
6438,57.0376,-11.1077,-1.0143,
4730,50.3236,10.4123,-2.69321,
4716,50.9801,10.7153,-0.909305,
4628,50.686,11.6366,2.72545,
4644,50.8588,11.4895,2.73256,
4660,51.039,11.3431,2.7401,
4692,51.2767,11.0209,4.58858,
4281,49.9972,16.7191,4.61228,
4505,53.5106,13.8886,0.964978,
4507,53.5947,13.9005,2.90171,
6146,66.0977,-8.16263,-1.1625,
3831,49.4464,25.9269,0.974542,
3682,49.1667,28.8921,0.995415,
3808,52.1615,27.8166,1.03186,
3886,55.0258,27.651,1.07493,
3866,54.9002,28.0334,3.23059,
3907,57.5527,28.3943,3.36332,
3170,51.7636,40.384,5.74391,
3112,50.8129,41.5751,-3.44078,
3143,51.9683,41.4561,1.16038,
2885,49.0747,47.7898,-1.19566,
1210,18.8783,52.3219,0.970912,
1280,19.51,50.7722,0.949411,
1239,19.2473,51.9208,-0.966549,
1163,19.113,56.016,1.03311,
1538,24.0557,52.5422,1.00868,
1617,23.8133,49.7021,2.88832,
892,18.3972,78.5603,-1.40837,
2409,37.9601,50.1923,1.09845,
2424,37.6882,49.4549,3.25865,
2753,45.5589,49.0959,1.1691,
1709,35.0618,69.5009,1.35877,
1100,26.7892,84.1954,1.54223,
2805,49.0373,50.8506,-3.70225,
2761,52.0907,55.9191,-1.33396,
2894,54.8934,53.0841,-1.33291,
2617,52.0135,61.1588,-1.40139,
2698,53.0279,59.3085,-1.38869,
3057,61.2383,52.2286,-1.40488,
7895,21.0262,-12.0126,6.48859,
2146,19.9408,30.8829,9.85013,
2160,20.1391,30.9523,9.89465,
2404,21.7951,28.9336,7.04123,
2406,21.9865,29.1665,8.43252,
2312,22.8742,32.1633,9.11187,
2518,24.1439,30.0504,8.89951,
2644,25.0127,28.9775,10.257,
2552,25.8148,31.4498,9.39351,
2564,25.8002,31.2093,9.34852,
2471,25.2298,32.2927,9.46099,
2741,30.1165,32.8319,7.05645,
2759,30.4752,32.7722,7.08805,
1645,17.0581,35.1299,10.4641,
1941,19.7593,34.4458,7.71899,
1955,19.8989,34.4243,7.72891,
1928,21.0023,36.8808,9.79842,
2028,20.3778,33.834,10.5831,
2067,22.098,35.9057,8.19525,
2001,21.0457,35.4873,11.0552,
1913,22.5009,39.835,10.5624,
1514,18.6709,41.4286,7.19724,
1545,19.5342,42.529,7.41249,
1311,18.3525,46.6382,7.93811,
2457,26.8465,34.6102,10.1124,
2442,27.6815,35.9972,7.19223,
2504,28.0174,35.1471,7.11902,
2324,25.0599,34.9775,11.5294,
2230,25.0914,36.9347,7.07209,
2272,25.9643,37.3578,8.84323,
2346,27.2168,37.4745,9.00275,
4153,48.1541,18.7068,8.18215,
4173,48.5721,18.4702,10.101,
4104,48.6516,19.8742,10.2155,
3870,46.6818,23.7958,8.29885,
3956,47.7313,22.6747,8.36956,
3698,48.0678,27.9761,6.82883,
2839,46.7692,47.2615,8.16403,
2927,48.5344,45.7205,12.9609,
4786,51.9095,10.0056,6.491,
4805,52.4157,9.8851,10.3682,
4527,54.0821,13.7652,8.83886,
4514,53.9592,13.9247,10.8322,
4245,51.4726,17.965,10.5971,
4253,53.8404,18.6229,6.99506,
3728,49.3232,27.9967,8.98278,
3814,55.0177,29.2658,9.87008,
3826,55.1195,29.0735,9.87008,
4371,59.5277,17.5764,12.0649,
4382,59.4944,17.341,12.0458,
4374,59.5846,17.548,16.6436,
3139,50.6967,40.6447,10.2915,
2968,52.0292,47.3263,13.6715,
2987,52.4922,47.0655,13.7043,
3199,58.8545,44.9,9.08926,
1159,17.5206,51.7328,8.65083,
2709,44.3106,49.2983,12.8846,
2794,47.5889,49.7816,8.45603,
